id,first_name,last_name,email
1,Barde,Levermore,blevermore0@opera.com
2,Starlene,Late,slate1@moonfruit.com
3,Miguela,Doige,mdoige2@squarespace.com
4,Shandy,Klimpke,sklimpke3@blogs.com
5,Ginnie,Stoffersen,gstoffersen4@examiner.com
6,Missie,Joutapaitis,mjoutapaitis5@xing.com
7,Sherie,Danis,sdanis6@netvibes.com
8,Sheffie,Snoxill,ssnoxill7@istockphoto.com
9,Ilka,MacNally,imacnally8@cafepress.com
10,Gwendolen,Dameisele,gdameisele9@360.cn
11,Val,Bushaway,vbushawaya@simplemachines.org
12,Nike,Neillans,nneillansb@dedecms.com
13,Adlai,Ameer-Beg,aameerbegc@weibo.com
14,Courtenay,Nast,cnastd@house.gov
15,Tobey,Czapla,tczaplae@phoca.cz
16,Corbie,Crummy,ccrummyf@nih.gov
17,Angelita,Stogill,astogillg@about.com
18,Jamaal,Moncur,jmoncurh@tinyurl.com
19,Kathrine,Gaynes,kgaynesi@hhs.gov
20,Baudoin,Jorn,bjornj@4shared.com
